metric,value
total_anomalies,110.0
avg_entropy,1.8010982444382084
avg_k_local,1.991153117442872
